srno,current_pakistan_timestamp,script_run_timestamp,script_end_timestamp,tag
1,2026-02-28 14:00:17,2026-02-28 09:00:17.510,2026-02-28 09:00:17.510,testing
2,2026-02-28 14:15:36,2026-02-28 09:15:36.849,2026-02-28 09:15:36.851,testing
3,2026-02-28 14:22:42,2026-02-28 09:22:42.720,2026-02-28 09:22:42.722,testing
4,2026-02-28 14:46:37,2026-02-28 09:46:37.120,2026-02-28 09:46:37.122,testing
5,2026-02-28 14:47:34,2026-02-28 09:47:34.482,2026-02-28 09:47:34.483,testing
6,2026-02-28 15:00:33,2026-02-28 10:00:33.626,2026-02-28 10:00:33.638,testing
7,2026-02-28 15:39:12,2026-02-28 10:39:12.150,2026-02-28 10:39:12.162,testing
8,2026-02-28 15:58:03,2026-02-28 10:58:03.902,2026-02-28 10:58:03.917,testing
9,2026-02-28 16:17:53,2026-02-28 11:17:53.542,2026-02-28 11:17:53.555,testing
10,2026-02-28 16:35:15,2026-02-28 11:35:15.198,2026-02-28 11:35:15.213,testing
11,2026-02-28 16:48:48,2026-02-28 11:48:48.807,2026-02-28 11:48:48.819,testing
12,2026-02-28 16:58:39,2026-02-28 11:58:39.100,2026-02-28 11:58:39.113,testing
13,2026-02-28 17:58:52,2026-02-28 12:58:52.713,2026-02-28 12:58:52.726,testing
14,2026-02-28 18:40:14,2026-02-28 13:40:14.816,2026-02-28 13:40:14.824,testing
15,2026-02-28 18:57:41,2026-02-28 13:57:41.565,2026-02-28 13:57:41.578,testing
16,2026-02-28 19:26:53,2026-02-28 14:26:53.954,2026-02-28 14:26:53.967,testing
17,2026-02-28 19:47:52,2026-02-28 14:47:52.800,2026-02-28 14:47:52.812,testing
18,2026-02-28 19:58:39,2026-02-28 14:58:39.972,2026-02-28 14:58:39.984,testing
19,2026-02-28 20:29:58,2026-02-28 15:29:58.853,2026-02-28 15:29:58.865,testing
20,2026-02-28 20:47:03,2026-02-28 15:47:03.195,2026-02-28 15:47:03.207,testing
21,2026-02-28 20:58:14,2026-02-28 15:58:14.777,2026-02-28 15:58:14.789,testing
22,2026-02-28 21:33:33,2026-02-28 16:33:33.246,2026-02-28 16:33:33.259,testing
23,2026-02-28 21:53:43,2026-02-28 16:53:43.640,2026-02-28 16:53:43.653,testing
24,2026-02-28 22:14:20,2026-02-28 17:14:20.051,2026-02-28 17:14:20.064,testing
25,2026-02-28 22:37:46,2026-02-28 17:37:46.803,2026-02-28 17:37:46.816,testing
26,2026-02-28 22:52:47,2026-02-28 17:52:47.416,2026-02-28 17:52:47.428,testing
27,2026-02-28 23:19:35,2026-02-28 18:19:35.391,2026-02-28 18:19:35.404,testing
28,2026-02-28 23:52:03,2026-02-28 18:52:03.687,2026-02-28 18:52:03.699,testing
29,2026-03-01 00:13:06,2026-02-28 19:13:06.881,2026-02-28 19:13:06.889,testing
30,2026-03-01 00:33:24,2026-02-28 19:33:23.989,2026-02-28 19:33:24.002,testing
31,2026-03-01 00:47:00,2026-02-28 19:47:00.179,2026-02-28 19:47:00.192,testing
32,2026-03-01 00:56:48,2026-02-28 19:56:48.491,2026-02-28 19:56:48.504,testing
33,2026-03-01 01:28:07,2026-02-28 20:28:07.353,2026-02-28 20:28:07.366,testing
34,2026-03-01 01:49:21,2026-02-28 20:49:21.922,2026-02-28 20:49:21.934,testing
35,2026-03-01 02:00:16,2026-02-28 21:00:16.064,2026-02-28 21:00:16.077,testing
36,2026-03-01 02:30:50,2026-02-28 21:30:50.328,2026-02-28 21:30:50.340,testing
37,2026-03-01 02:47:05,2026-02-28 21:47:05.934,2026-02-28 21:47:05.946,testing
38,2026-03-01 02:56:54,2026-02-28 21:56:54.192,2026-02-28 21:56:54.205,testing
39,2026-03-01 03:25:05,2026-02-28 22:25:05.115,2026-02-28 22:25:05.128,testing
40,2026-03-01 03:46:08,2026-02-28 22:46:08.310,2026-02-28 22:46:08.323,testing
41,2026-03-01 03:58:23,2026-02-28 22:58:23.653,2026-02-28 22:58:23.666,testing
42,2026-03-01 04:28:30,2026-02-28 23:28:30.573,2026-02-28 23:28:30.582,testing
43,2026-03-01 04:46:18,2026-02-28 23:46:18.453,2026-02-28 23:46:18.466,testing
44,2026-03-01 04:57:36,2026-02-28 23:57:36.134,2026-02-28 23:57:36.147,testing
45,2026-03-01 07:41:01,2026-03-01 02:41:01.661,2026-03-01 02:41:01.669,testing
46,2026-03-01 09:35:42,2026-03-01 04:35:42.626,2026-03-01 04:35:42.638,testing
47,2026-03-01 10:39:18,2026-03-01 05:39:18.476,2026-03-01 05:39:18.488,testing
48,2026-03-01 11:27:11,2026-03-01 06:27:11.141,2026-03-01 06:27:11.153,testing
49,2026-03-01 12:09:30,2026-03-01 07:09:30.871,2026-03-01 07:09:30.883,testing
50,2026-03-01 12:46:28,2026-03-01 07:46:28.273,2026-03-01 07:46:28.286,testing
51,2026-03-01 12:59:54,2026-03-01 07:59:54.095,2026-03-01 07:59:54.108,testing
52,2026-03-01 13:41:22,2026-03-01 08:41:22.212,2026-03-01 08:41:22.226,testing
53,2026-03-01 14:01:52,2026-03-01 09:01:52.247,2026-03-01 09:01:52.259,testing
54,2026-03-01 14:39:51,2026-03-01 09:39:51.376,2026-03-01 09:39:51.389,testing
55,2026-03-01 14:56:33,2026-03-01 09:56:33.532,2026-03-01 09:56:33.545,testing
56,2026-03-01 15:26:41,2026-03-01 10:26:41.589,2026-03-01 10:26:41.598,testing
57,2026-03-01 15:50:51,2026-03-01 10:50:51.226,2026-03-01 10:50:51.239,testing
58,2026-03-01 16:09:56,2026-03-01 11:09:56.331,2026-03-01 11:09:56.344,testing
59,2026-03-01 16:32:42,2026-03-01 11:32:42.571,2026-03-01 11:32:42.583,testing
60,2026-03-01 16:47:58,2026-03-01 11:47:58.697,2026-03-01 11:47:58.709,testing
61,2026-03-01 16:57:57,2026-03-01 11:57:57.886,2026-03-01 11:57:57.899,testing
62,2026-03-01 17:58:38,2026-03-01 12:58:38.505,2026-03-01 12:58:38.518,testing
63,2026-03-01 18:42:07,2026-03-01 13:42:07.890,2026-03-01 13:42:07.902,testing
64,2026-03-01 19:00:18,2026-03-01 14:00:18.438,2026-03-01 14:00:18.450,testing
65,2026-03-01 19:33:34,2026-03-01 14:33:34.413,2026-03-01 14:33:34.426,testing
66,2026-03-01 19:53:43,2026-03-01 14:53:43.378,2026-03-01 14:53:43.391,testing
67,2026-03-01 20:16:30,2026-03-01 15:16:30.158,2026-03-01 15:16:30.171,testing
68,2026-03-01 20:40:45,2026-03-01 15:40:45.159,2026-03-01 15:40:45.168,testing
69,2026-03-01 20:54:47,2026-03-01 15:54:47.015,2026-03-01 15:54:47.027,testing
70,2026-03-01 21:22:49,2026-03-01 16:22:49.014,2026-03-01 16:22:49.022,testing
71,2026-03-01 21:49:02,2026-03-01 16:49:02.189,2026-03-01 16:49:02.201,testing
72,2026-03-01 22:11:04,2026-03-01 17:11:04.840,2026-03-01 17:11:04.853,testing
73,2026-03-01 22:36:59,2026-03-01 17:36:59.822,2026-03-01 17:36:59.835,testing
74,2026-03-01 22:53:16,2026-03-01 17:53:16.679,2026-03-01 17:53:16.692,testing
75,2026-03-01 23:22:17,2026-03-01 18:22:17.819,2026-03-01 18:22:17.834,testing
76,2026-03-01 23:54:11,2026-03-01 18:54:11.766,2026-03-01 18:54:11.779,testing
77,2026-03-02 00:19:06,2026-03-01 19:19:06.853,2026-03-01 19:19:06.866,testing
78,2026-03-02 00:39:35,2026-03-01 19:39:35.102,2026-03-01 19:39:35.115,testing
79,2026-03-02 00:52:25,2026-03-01 19:52:25.297,2026-03-01 19:52:25.310,testing
80,2026-03-02 01:15:12,2026-03-01 20:15:12.725,2026-03-01 20:15:12.738,testing
81,2026-03-02 01:43:47,2026-03-01 20:43:47.416,2026-03-01 20:43:47.430,testing
82,2026-03-02 01:59:12,2026-03-01 20:59:12.455,2026-03-01 20:59:12.468,testing
83,2026-03-02 02:31:19,2026-03-01 21:31:19.209,2026-03-01 21:31:19.222,testing
84,2026-03-02 02:48:18,2026-03-01 21:48:18.308,2026-03-01 21:48:18.320,testing
85,2026-03-02 02:59:14,2026-03-01 21:59:14.185,2026-03-01 21:59:14.198,testing
86,2026-03-02 03:33:31,2026-03-01 22:33:31.760,2026-03-01 22:33:31.769,testing
87,2026-03-02 03:54:12,2026-03-01 22:54:12.668,2026-03-01 22:54:12.680,testing
88,2026-03-02 04:18:12,2026-03-01 23:18:12.082,2026-03-01 23:18:12.095,testing
89,2026-03-02 04:41:24,2026-03-01 23:41:24.546,2026-03-01 23:41:24.558,testing
90,2026-03-02 04:56:40,2026-03-01 23:56:40.329,2026-03-01 23:56:40.342,testing
91,2026-03-02 07:11:36,2026-03-02 02:11:36.026,2026-03-02 02:11:36.038,testing
92,2026-03-02 09:22:58,2026-03-02 04:22:58.425,2026-03-02 04:22:58.437,testing
93,2026-03-02 10:33:14,2026-03-02 05:33:14.804,2026-03-02 05:33:14.818,testing
94,2026-03-02 11:33:32,2026-03-02 06:33:32.457,2026-03-02 06:33:32.470,testing
95,2026-03-02 12:34:01,2026-03-02 07:34:01.112,2026-03-02 07:34:01.126,testing
96,2026-03-02 13:05:06,2026-03-02 08:05:06.693,2026-03-02 08:05:06.705,testing
97,2026-03-02 13:59:23,2026-03-02 08:59:23.315,2026-03-02 08:59:23.327,testing
98,2026-03-02 15:00:31,2026-03-02 10:00:31.036,2026-03-02 10:00:31.049,testing
99,2026-03-02 15:54:38,2026-03-02 10:54:38.617,2026-03-02 10:54:38.630,testing
100,2026-03-02 16:29:10,2026-03-02 11:29:10.597,2026-03-02 11:29:10.609,testing
101,2026-03-02 16:55:36,2026-03-02 11:55:36.248,2026-03-02 11:55:36.261,testing
102,2026-03-02 17:55:14,2026-03-02 12:55:14.532,2026-03-02 12:55:14.545,testing
103,2026-03-02 18:59:12,2026-03-02 13:59:12.492,2026-03-02 13:59:12.505,testing
104,2026-03-02 19:52:26,2026-03-02 14:52:25.998,2026-03-02 14:52:26.007,testing
105,2026-03-02 20:32:10,2026-03-02 15:32:10.394,2026-03-02 15:32:10.406,testing
106,2026-03-02 21:05:38,2026-03-02 16:05:38.255,2026-03-02 16:05:38.268,testing
107,2026-03-02 22:03:20,2026-03-02 17:03:20.247,2026-03-02 17:03:20.261,testing
108,2026-03-02 22:55:27,2026-03-02 17:55:27.443,2026-03-02 17:55:27.456,testing
109,2026-03-02 23:43:38,2026-03-02 18:43:38.973,2026-03-02 18:43:38.986,testing
110,2026-03-03 00:25:44,2026-03-02 19:25:44.446,2026-03-02 19:25:44.459,testing
111,2026-03-03 00:57:26,2026-03-02 19:57:26.841,2026-03-02 19:57:26.854,testing
112,2026-03-03 01:40:14,2026-03-02 20:40:14.116,2026-03-02 20:40:14.129,testing
113,2026-03-03 02:06:24,2026-03-02 21:06:24.353,2026-03-02 21:06:24.366,testing
114,2026-03-03 02:48:30,2026-03-02 21:48:30.105,2026-03-02 21:48:30.118,testing
115,2026-03-03 03:15:05,2026-03-02 22:15:05.270,2026-03-02 22:15:05.283,testing
116,2026-03-03 03:49:37,2026-03-02 22:49:37.339,2026-03-02 22:49:37.348,testing
117,2026-03-03 04:12:47,2026-03-02 23:12:47.640,2026-03-02 23:12:47.648,testing
118,2026-03-03 04:44:03,2026-03-02 23:44:03.163,2026-03-02 23:44:03.176,testing
119,2026-03-03 05:01:28,2026-03-03 00:01:28.736,2026-03-03 00:01:28.748,testing
120,2026-03-03 07:53:30,2026-03-03 02:53:30.706,2026-03-03 02:53:30.719,testing
121,2026-03-03 09:42:16,2026-03-03 04:42:16.869,2026-03-03 04:42:16.882,testing
122,2026-03-03 10:38:10,2026-03-03 05:38:10.028,2026-03-03 05:38:10.040,testing
123,2026-03-03 11:30:15,2026-03-03 06:30:15.560,2026-03-03 06:30:15.572,testing
124,2026-03-03 12:27:27,2026-03-03 07:27:27.298,2026-03-03 07:27:27.310,testing
125,2026-03-03 13:01:20,2026-03-03 08:01:20.800,2026-03-03 08:01:20.813,testing
126,2026-03-03 13:55:55,2026-03-03 08:55:55.820,2026-03-03 08:55:55.833,testing
127,2026-03-03 14:40:50,2026-03-03 09:40:50.025,2026-03-03 09:40:50.038,testing
128,2026-03-03 15:23:58,2026-03-03 10:23:58.344,2026-03-03 10:23:58.357,testing
129,2026-03-03 16:04:15,2026-03-03 11:04:15.517,2026-03-03 11:04:15.530,testing
130,2026-03-03 16:44:53,2026-03-03 11:44:53.021,2026-03-03 11:44:53.034,testing
131,2026-03-03 17:03:06,2026-03-03 12:03:06.265,2026-03-03 12:03:06.278,testing
132,2026-03-03 18:20:14,2026-03-03 13:20:14.313,2026-03-03 13:20:14.326,testing
133,2026-03-03 19:08:38,2026-03-03 14:08:38.889,2026-03-03 14:08:38.902,testing
134,2026-03-03 20:04:03,2026-03-03 15:04:03.304,2026-03-03 15:04:03.316,testing
135,2026-03-03 20:56:30,2026-03-03 15:56:30.877,2026-03-03 15:56:30.890,testing
136,2026-03-03 21:50:36,2026-03-03 16:50:36.048,2026-03-03 16:50:36.056,testing
137,2026-03-03 22:32:32,2026-03-03 17:32:32.689,2026-03-03 17:32:32.697,testing
138,2026-03-03 23:08:50,2026-03-03 18:08:50.631,2026-03-03 18:08:50.644,testing
139,2026-03-04 00:09:55,2026-03-03 19:09:55.481,2026-03-03 19:09:55.489,testing
140,2026-03-04 00:49:56,2026-03-03 19:49:56.153,2026-03-03 19:49:56.161,testing
141,2026-03-04 01:19:04,2026-03-03 20:19:04.955,2026-03-03 20:19:04.967,testing
142,2026-03-04 01:50:54,2026-03-03 20:50:54.150,2026-03-03 20:50:54.158,testing
143,2026-03-04 02:21:18,2026-03-03 21:21:18.277,2026-03-03 21:21:18.290,testing
144,2026-03-04 02:52:30,2026-03-03 21:52:30.123,2026-03-03 21:52:30.131,testing
145,2026-03-04 03:18:42,2026-03-03 22:18:42.376,2026-03-03 22:18:42.389,testing
146,2026-03-04 03:49:45,2026-03-03 22:49:45.068,2026-03-03 22:49:45.080,testing
147,2026-03-04 04:13:26,2026-03-03 23:13:26.909,2026-03-03 23:13:26.922,testing
148,2026-03-04 04:43:31,2026-03-03 23:43:31.409,2026-03-03 23:43:31.421,testing
149,2026-03-04 04:59:42,2026-03-03 23:59:42.349,2026-03-03 23:59:42.363,testing
150,2026-03-04 07:45:06,2026-03-04 02:45:06.467,2026-03-04 02:45:06.480,testing
151,2026-03-04 09:23:07,2026-03-04 04:23:07.619,2026-03-04 04:23:07.633,testing
152,2026-03-04 10:27:06,2026-03-04 05:27:06.442,2026-03-04 05:27:06.456,testing
153,2026-03-04 11:05:14,2026-03-04 06:05:14.009,2026-03-04 06:05:14.022,testing
154,2026-03-04 12:03:47,2026-03-04 07:03:47.963,2026-03-04 07:03:47.976,testing
155,2026-03-04 12:47:56,2026-03-04 07:47:56.754,2026-03-04 07:47:56.767,testing
156,2026-03-04 13:21:10,2026-03-04 08:21:10.735,2026-03-04 08:21:10.747,testing
157,2026-03-04 14:00:09,2026-03-04 09:00:09.401,2026-03-04 09:00:09.413,testing
158,2026-03-04 14:53:24,2026-03-04 09:53:24.931,2026-03-04 09:53:24.943,testing
159,2026-03-04 15:28:32,2026-03-04 10:28:32.293,2026-03-04 10:28:32.304,testing
160,2026-03-04 16:04:27,2026-03-04 11:04:27.585,2026-03-04 11:04:27.598,testing
161,2026-03-04 16:40:52,2026-03-04 11:40:52.253,2026-03-04 11:40:52.266,testing
162,2026-03-04 16:59:10,2026-03-04 11:59:10.980,2026-03-04 11:59:10.992,testing
163,2026-03-04 18:15:09,2026-03-04 13:15:09.397,2026-03-04 13:15:09.410,testing
164,2026-03-04 19:05:31,2026-03-04 14:05:31.763,2026-03-04 14:05:31.771,testing
165,2026-03-04 19:53:59,2026-03-04 14:53:59.206,2026-03-04 14:53:59.219,testing
166,2026-03-04 20:34:08,2026-03-04 15:34:08.711,2026-03-04 15:34:08.724,testing
167,2026-03-04 21:07:28,2026-03-04 16:07:28.943,2026-03-04 16:07:28.956,testing
168,2026-03-04 22:01:44,2026-03-04 17:01:44.740,2026-03-04 17:01:44.752,testing
169,2026-03-04 22:51:38,2026-03-04 17:51:38.954,2026-03-04 17:51:38.967,testing
170,2026-03-04 23:30:46,2026-03-04 18:30:46.346,2026-03-04 18:30:46.358,testing
171,2026-03-05 00:23:41,2026-03-04 19:23:41.397,2026-03-04 19:23:41.406,testing
172,2026-03-05 00:55:51,2026-03-04 19:55:51.556,2026-03-04 19:55:51.568,testing
173,2026-03-05 01:30:56,2026-03-04 20:30:56.394,2026-03-04 20:30:56.406,testing
174,2026-03-05 01:59:45,2026-03-04 20:59:45.820,2026-03-04 20:59:45.833,testing
175,2026-03-05 02:43:21,2026-03-04 21:43:20.995,2026-03-04 21:43:21.007,testing
176,2026-03-05 03:02:50,2026-03-04 22:02:50.327,2026-03-04 22:02:50.340,testing
177,2026-03-05 03:46:35,2026-03-04 22:46:35.834,2026-03-04 22:46:35.847,testing
178,2026-03-05 04:15:58,2026-03-04 23:15:58.132,2026-03-04 23:15:58.144,testing
179,2026-03-05 04:46:45,2026-03-04 23:46:45.055,2026-03-04 23:46:45.067,testing
180,2026-03-05 05:01:58,2026-03-05 00:01:58.150,2026-03-05 00:01:58.163,testing
181,2026-03-05 07:49:20,2026-03-05 02:49:20.026,2026-03-05 02:49:20.039,testing
182,2026-03-05 09:27:14,2026-03-05 04:27:14.290,2026-03-05 04:27:14.303,testing
183,2026-03-05 10:33:03,2026-03-05 05:33:03.106,2026-03-05 05:33:03.115,testing
184,2026-03-05 11:28:21,2026-03-05 06:28:21.719,2026-03-05 06:28:21.732,testing
185,2026-03-05 12:25:57,2026-03-05 07:25:57.385,2026-03-05 07:25:57.393,testing
186,2026-03-05 13:00:09,2026-03-05 08:00:09.740,2026-03-05 08:00:09.752,testing
187,2026-03-05 13:56:27,2026-03-05 08:56:27.506,2026-03-05 08:56:27.519,testing
188,2026-03-05 14:43:26,2026-03-05 09:43:26.727,2026-03-05 09:43:26.740,testing
189,2026-03-05 15:24:27,2026-03-05 10:24:27.571,2026-03-05 10:24:27.584,testing
190,2026-03-05 16:05:53,2026-03-05 11:05:53.102,2026-03-05 11:05:53.115,testing
191,2026-03-05 16:46:29,2026-03-05 11:46:29.595,2026-03-05 11:46:29.607,testing
192,2026-03-05 17:27:15,2026-03-05 12:27:15.478,2026-03-05 12:27:15.491,testing
193,2026-03-05 18:42:11,2026-03-05 13:42:11.155,2026-03-05 13:42:11.167,testing
194,2026-03-05 19:30:27,2026-03-05 14:30:27.891,2026-03-05 14:30:27.911,testing
195,2026-03-05 20:29:15,2026-03-05 15:29:15.777,2026-03-05 15:29:15.790,testing
196,2026-03-05 21:12:07,2026-03-05 16:12:07.873,2026-03-05 16:12:07.886,testing
197,2026-03-05 23:22:17,2026-03-05 18:22:17.433,2026-03-05 18:22:17.445,testing
198,2026-03-06 00:40:04,2026-03-05 19:40:04.425,2026-03-05 19:40:04.434,testing
199,2026-03-06 01:21:04,2026-03-05 20:21:04.866,2026-03-05 20:21:04.879,testing
200,2026-03-06 01:56:37,2026-03-05 20:56:37.307,2026-03-05 20:56:37.320,testing
201,2026-03-06 02:36:59,2026-03-05 21:36:59.528,2026-03-05 21:36:59.541,testing
202,2026-03-06 03:01:20,2026-03-05 22:01:20.784,2026-03-05 22:01:20.797,testing
203,2026-03-06 04:12:28,2026-03-05 23:12:28.793,2026-03-05 23:12:28.806,testing
204,2026-03-06 04:58:50,2026-03-05 23:58:50.263,2026-03-05 23:58:50.271,testing
205,2026-03-06 07:40:06,2026-03-06 02:40:06.183,2026-03-06 02:40:06.196,testing
206,2026-03-06 09:22:45,2026-03-06 04:22:45.055,2026-03-06 04:22:45.068,testing
207,2026-03-06 10:29:02,2026-03-06 05:29:02.691,2026-03-06 05:29:02.703,testing
208,2026-03-06 11:06:53,2026-03-06 06:06:53.668,2026-03-06 06:06:53.681,testing
209,2026-03-06 12:06:12,2026-03-06 07:06:12.929,2026-03-06 07:06:12.941,testing
210,2026-03-06 12:49:42,2026-03-06 07:49:42.767,2026-03-06 07:49:42.780,testing
211,2026-03-06 13:21:21,2026-03-06 08:21:21.718,2026-03-06 08:21:21.731,testing
212,2026-03-06 13:59:32,2026-03-06 08:59:32.354,2026-03-06 08:59:32.367,testing
213,2026-03-06 14:51:46,2026-03-06 09:51:46.190,2026-03-06 09:51:46.203,testing
214,2026-03-06 15:22:55,2026-03-06 10:22:55.979,2026-03-06 10:22:55.994,testing
215,2026-03-06 16:00:31,2026-03-06 11:00:31.637,2026-03-06 11:00:31.650,testing
216,2026-03-06 16:37:47,2026-03-06 11:37:47.047,2026-03-06 11:37:47.060,testing
217,2026-03-06 16:57:19,2026-03-06 11:57:19.215,2026-03-06 11:57:19.228,testing
218,2026-03-06 18:02:37,2026-03-06 13:02:37.272,2026-03-06 13:02:37.285,testing
219,2026-03-06 18:59:42,2026-03-06 13:59:42.413,2026-03-06 13:59:42.426,testing
220,2026-03-06 19:48:27,2026-03-06 14:48:27.575,2026-03-06 14:48:27.587,testing
221,2026-03-06 20:23:46,2026-03-06 15:23:46.464,2026-03-06 15:23:46.477,testing
222,2026-03-06 20:58:24,2026-03-06 15:58:24.383,2026-03-06 15:58:24.396,testing
223,2026-03-06 21:51:46,2026-03-06 16:51:46.256,2026-03-06 16:51:46.269,testing
224,2026-03-06 22:25:15,2026-03-06 17:25:15.053,2026-03-06 17:25:15.067,testing
225,2026-03-06 22:59:27,2026-03-06 17:59:27.024,2026-03-06 17:59:27.037,testing
226,2026-03-06 23:58:37,2026-03-06 18:58:37.385,2026-03-06 18:58:37.398,testing
227,2026-03-07 00:38:27,2026-03-06 19:38:27.778,2026-03-06 19:38:27.791,testing
228,2026-03-07 00:59:16,2026-03-06 19:59:16.179,2026-03-06 19:59:16.192,testing
229,2026-03-07 01:41:32,2026-03-06 20:41:32.734,2026-03-06 20:41:32.747,testing
230,2026-03-07 02:02:00,2026-03-06 21:02:00.541,2026-03-06 21:02:00.554,testing
231,2026-03-07 02:38:35,2026-03-06 21:38:35.751,2026-03-06 21:38:35.764,testing
232,2026-03-07 02:57:31,2026-03-06 21:57:31.249,2026-03-06 21:57:31.262,testing
233,2026-03-07 03:33:02,2026-03-06 22:33:02.869,2026-03-06 22:33:02.878,testing
234,2026-03-07 03:58:42,2026-03-06 22:58:42.838,2026-03-06 22:58:42.850,testing
235,2026-03-07 04:34:16,2026-03-06 23:34:16.697,2026-03-06 23:34:16.710,testing
236,2026-03-07 04:54:16,2026-03-06 23:54:16.624,2026-03-06 23:54:16.637,testing
237,2026-03-07 06:24:51,2026-03-07 01:24:51.389,2026-03-07 01:24:51.402,testing
238,2026-03-07 08:31:25,2026-03-07 03:31:25.017,2026-03-07 03:31:25.030,testing
239,2026-03-07 09:49:10,2026-03-07 04:49:10.112,2026-03-07 04:49:10.124,testing
240,2026-03-07 10:28:41,2026-03-07 05:28:41.038,2026-03-07 05:28:41.050,testing
241,2026-03-07 11:00:33,2026-03-07 06:00:33.370,2026-03-07 06:00:33.383,testing
242,2026-03-07 11:55:05,2026-03-07 06:55:05.846,2026-03-07 06:55:05.859,testing
243,2026-03-07 12:26:32,2026-03-07 07:26:32.975,2026-03-07 07:26:32.988,testing
244,2026-03-07 12:49:02,2026-03-07 07:49:02.246,2026-03-07 07:49:02.259,testing
245,2026-03-07 13:00:19,2026-03-07 08:00:19.018,2026-03-07 08:00:19.031,testing
246,2026-03-07 13:42:39,2026-03-07 08:42:39.250,2026-03-07 08:42:39.264,testing
247,2026-03-07 14:02:25,2026-03-07 09:02:25.210,2026-03-07 09:02:25.222,testing
248,2026-03-07 14:38:59,2026-03-07 09:38:59.967,2026-03-07 09:38:59.980,testing
249,2026-03-07 14:55:54,2026-03-07 09:55:54.815,2026-03-07 09:55:54.827,testing
250,2026-03-07 15:22:47,2026-03-07 10:22:47.940,2026-03-07 10:22:47.953,testing
251,2026-03-07 15:45:59,2026-03-07 10:45:59.817,2026-03-07 10:45:59.831,testing
252,2026-03-07 15:59:34,2026-03-07 10:59:34.129,2026-03-07 10:59:34.141,testing
253,2026-03-07 16:28:39,2026-03-07 11:28:39.420,2026-03-07 11:28:39.432,testing
254,2026-03-07 16:45:14,2026-03-07 11:45:14.915,2026-03-07 11:45:14.928,testing
255,2026-03-07 16:56:25,2026-03-07 11:56:25.140,2026-03-07 11:56:25.153,testing
256,2026-03-07 17:48:46,2026-03-07 12:48:46.389,2026-03-07 12:48:46.402,testing
257,2026-03-07 18:29:46,2026-03-07 13:29:46.923,2026-03-07 13:29:46.937,testing
258,2026-03-07 18:56:52,2026-03-07 13:56:52.616,2026-03-07 13:56:52.629,testing
259,2026-03-07 19:25:56,2026-03-07 14:25:56.658,2026-03-07 14:25:56.671,testing
260,2026-03-07 19:49:36,2026-03-07 14:49:36.379,2026-03-07 14:49:36.392,testing
261,2026-03-07 20:01:00,2026-03-07 15:01:00.657,2026-03-07 15:01:00.670,testing
262,2026-03-07 20:32:44,2026-03-07 15:32:44.062,2026-03-07 15:32:44.075,testing
263,2026-03-07 20:49:59,2026-03-07 15:49:59.139,2026-03-07 15:49:59.153,testing
264,2026-03-07 21:01:02,2026-03-07 16:01:02.844,2026-03-07 16:01:02.858,testing
265,2026-03-07 21:39:13,2026-03-07 16:39:13.833,2026-03-07 16:39:13.846,testing
266,2026-03-07 21:57:07,2026-03-07 16:57:07.749,2026-03-07 16:57:07.757,testing
267,2026-03-07 22:24:12,2026-03-07 17:24:12.712,2026-03-07 17:24:12.725,testing
268,2026-03-07 22:44:14,2026-03-07 17:44:14.904,2026-03-07 17:44:14.917,testing
269,2026-03-07 22:57:13,2026-03-07 17:57:13.731,2026-03-07 17:57:13.744,testing
270,2026-03-07 23:38:00,2026-03-07 18:38:00.233,2026-03-07 18:38:00.241,testing
271,2026-03-08 00:00:42,2026-03-07 19:00:42.754,2026-03-07 19:00:42.767,testing
272,2026-03-08 00:29:45,2026-03-07 19:29:45.089,2026-03-07 19:29:45.102,testing
273,2026-03-08 00:45:54,2026-03-07 19:45:54.910,2026-03-07 19:45:54.919,testing
274,2026-03-08 00:56:25,2026-03-07 19:56:25.186,2026-03-07 19:56:25.199,testing
275,2026-03-08 01:26:45,2026-03-07 20:26:45.654,2026-03-07 20:26:45.667,testing
276,2026-03-08 01:48:58,2026-03-07 20:48:58.718,2026-03-07 20:48:58.730,testing
277,2026-03-08 02:00:20,2026-03-07 21:00:20.860,2026-03-07 21:00:20.873,testing
278,2026-03-08 02:30:31,2026-03-07 21:30:31.647,2026-03-07 21:30:31.660,testing
279,2026-03-08 02:46:45,2026-03-07 21:46:45.945,2026-03-07 21:46:45.958,testing
280,2026-03-08 02:57:25,2026-03-07 21:57:25.420,2026-03-07 21:57:25.433,testing
281,2026-03-08 03:27:10,2026-03-07 22:27:10.148,2026-03-07 22:27:10.161,testing
282,2026-03-08 03:49:27,2026-03-07 22:49:27.627,2026-03-07 22:49:27.640,testing
283,2026-03-08 04:00:43,2026-03-07 23:00:43.811,2026-03-07 23:00:43.824,testing
284,2026-03-08 04:32:23,2026-03-07 23:32:23.044,2026-03-07 23:32:23.057,testing
285,2026-03-08 04:49:42,2026-03-07 23:49:42.229,2026-03-07 23:49:42.242,testing
286,2026-03-08 04:59:40,2026-03-07 23:59:40.193,2026-03-07 23:59:40.206,testing
287,2026-03-08 07:51:54,2026-03-08 02:51:54.738,2026-03-08 02:51:54.752,testing
288,2026-03-08 09:27:17,2026-03-08 04:27:17.025,2026-03-08 04:27:17.041,testing
289,2026-03-08 10:29:56,2026-03-08 05:29:56.827,2026-03-08 05:29:56.840,testing
290,2026-03-08 11:05:05,2026-03-08 06:05:05.878,2026-03-08 06:05:05.891,testing
291,2026-03-08 11:58:38,2026-03-08 06:58:38.176,2026-03-08 06:58:38.189,testing
292,2026-03-08 12:35:16,2026-03-08 07:35:16.626,2026-03-08 07:35:16.639,testing
293,2026-03-08 12:53:59,2026-03-08 07:53:59.781,2026-03-08 07:53:59.794,testing
294,2026-03-08 13:23:58,2026-03-08 08:23:58.587,2026-03-08 08:23:58.600,testing
295,2026-03-08 13:53:21,2026-03-08 08:53:21.530,2026-03-08 08:53:21.543,testing
296,2026-03-08 14:21:44,2026-03-08 09:21:44.850,2026-03-08 09:21:44.863,testing
297,2026-03-08 14:49:03,2026-03-08 09:49:03.287,2026-03-08 09:49:03.300,testing
298,2026-03-08 15:01:29,2026-03-08 10:01:29.163,2026-03-08 10:01:29.175,testing
299,2026-03-08 15:36:41,2026-03-08 10:36:41.775,2026-03-08 10:36:41.788,testing
300,2026-03-08 15:55:54,2026-03-08 10:55:54.252,2026-03-08 10:55:54.266,testing
301,2026-03-08 16:20:36,2026-03-08 11:20:36.867,2026-03-08 11:20:36.880,testing
302,2026-03-08 16:39:29,2026-03-08 11:39:29.610,2026-03-08 11:39:29.623,testing
303,2026-03-08 16:53:18,2026-03-08 11:53:18.203,2026-03-08 11:53:18.216,testing
304,2026-03-08 17:31:02,2026-03-08 12:31:02.696,2026-03-08 12:31:02.709,testing
305,2026-03-08 18:24:46,2026-03-08 13:24:46.400,2026-03-08 13:24:46.413,testing
306,2026-03-08 18:55:03,2026-03-08 13:55:03.371,2026-03-08 13:55:03.384,testing
307,2026-03-08 19:22:07,2026-03-08 14:22:07.199,2026-03-08 14:22:07.208,testing
308,2026-03-08 19:47:08,2026-03-08 14:47:08.613,2026-03-08 14:47:08.626,testing
309,2026-03-08 20:01:05,2026-03-08 15:01:05.497,2026-03-08 15:01:05.506,testing
310,2026-03-08 20:33:58,2026-03-08 15:33:58.401,2026-03-08 15:33:58.410,testing
311,2026-03-08 20:50:55,2026-03-08 15:50:55.155,2026-03-08 15:50:55.168,testing
312,2026-03-08 21:01:15,2026-03-08 16:01:15.375,2026-03-08 16:01:15.388,testing
313,2026-03-08 21:40:44,2026-03-08 16:40:44.600,2026-03-08 16:40:44.613,testing
314,2026-03-08 21:59:38,2026-03-08 16:59:38.890,2026-03-08 16:59:38.902,testing
315,2026-03-08 22:31:32,2026-03-08 17:31:32.096,2026-03-08 17:31:32.109,testing
316,2026-03-08 22:51:33,2026-03-08 17:51:33.425,2026-03-08 17:51:33.440,testing
317,2026-03-08 23:16:01,2026-03-08 18:16:01.626,2026-03-08 18:16:01.640,testing
318,2026-03-08 23:53:44,2026-03-08 18:53:44.684,2026-03-08 18:53:44.697,testing
319,2026-03-09 00:19:00,2026-03-08 19:19:00.179,2026-03-08 19:19:00.192,testing
320,2026-03-09 00:40:39,2026-03-08 19:40:39.514,2026-03-08 19:40:39.527,testing
321,2026-03-09 00:54:14,2026-03-08 19:54:14.172,2026-03-08 19:54:14.185,testing
322,2026-03-09 01:19:58,2026-03-08 20:19:58.472,2026-03-08 20:19:58.485,testing
323,2026-03-09 01:45:13,2026-03-08 20:45:13.333,2026-03-08 20:45:13.346,testing
324,2026-03-09 02:00:34,2026-03-08 21:00:34.742,2026-03-08 21:00:34.755,testing
325,2026-03-09 02:32:46,2026-03-08 21:32:46.246,2026-03-08 21:32:46.259,testing
326,2026-03-09 02:50:10,2026-03-08 21:50:10.386,2026-03-08 21:50:10.399,testing
327,2026-03-09 03:00:01,2026-03-08 22:00:01.956,2026-03-08 22:00:01.969,testing
328,2026-03-09 03:34:29,2026-03-08 22:34:29.167,2026-03-08 22:34:29.180,testing
329,2026-03-09 03:54:56,2026-03-08 22:54:56.428,2026-03-08 22:54:56.441,testing
330,2026-03-09 04:20:32,2026-03-08 23:20:32.952,2026-03-08 23:20:32.961,testing
331,2026-03-09 04:42:32,2026-03-08 23:42:32.888,2026-03-08 23:42:32.901,testing
332,2026-03-09 04:57:28,2026-03-08 23:57:28.362,2026-03-08 23:57:28.375,testing
333,2026-03-09 07:30:53,2026-03-09 02:30:53.402,2026-03-09 02:30:53.415,testing
334,2026-03-09 09:30:47,2026-03-09 04:30:47.386,2026-03-09 04:30:47.399,testing
335,2026-03-09 10:42:05,2026-03-09 05:42:05.440,2026-03-09 05:42:05.453,testing
336,2026-03-09 11:41:48,2026-03-09 06:41:48.274,2026-03-09 06:41:48.287,testing
337,2026-03-09 12:38:57,2026-03-09 07:38:57.205,2026-03-09 07:38:57.214,testing
338,2026-03-09 13:06:56,2026-03-09 08:06:56.370,2026-03-09 08:06:56.383,testing
339,2026-03-09 14:00:29,2026-03-09 09:00:29.885,2026-03-09 09:00:29.898,testing
340,2026-03-09 15:02:57,2026-03-09 10:02:57.952,2026-03-09 10:02:57.965,testing
341,2026-03-09 15:58:11,2026-03-09 10:58:11.310,2026-03-09 10:58:11.323,testing
342,2026-03-09 16:37:54,2026-03-09 11:37:54.125,2026-03-09 11:37:54.138,testing
343,2026-03-09 17:00:59,2026-03-09 12:00:59.466,2026-03-09 12:00:59.479,testing
344,2026-03-09 18:24:51,2026-03-09 13:24:51.752,2026-03-09 13:24:51.765,testing
345,2026-03-09 19:29:19,2026-03-09 14:29:19.559,2026-03-09 14:29:19.572,testing
346,2026-03-09 20:32:43,2026-03-09 15:32:43.414,2026-03-09 15:32:43.427,testing
347,2026-03-09 21:34:30,2026-03-09 16:34:30.323,2026-03-09 16:34:30.336,testing
348,2026-03-09 22:28:36,2026-03-09 17:28:36.865,2026-03-09 17:28:36.879,testing
349,2026-03-09 23:08:26,2026-03-09 18:08:26.010,2026-03-09 18:08:26.023,testing
350,2026-03-10 00:08:47,2026-03-09 19:08:47.453,2026-03-09 19:08:47.467,testing
351,2026-03-10 00:50:30,2026-03-09 19:50:30.842,2026-03-09 19:50:30.855,testing
352,2026-03-10 01:18:03,2026-03-09 20:18:03.043,2026-03-09 20:18:03.056,testing
353,2026-03-10 01:54:26,2026-03-09 20:54:26.701,2026-03-09 20:54:26.714,testing
354,2026-03-10 02:28:10,2026-03-09 21:28:10.041,2026-03-09 21:28:10.055,testing
355,2026-03-10 02:55:48,2026-03-09 21:55:48.237,2026-03-09 21:55:48.245,testing
356,2026-03-10 03:27:32,2026-03-09 22:27:32.931,2026-03-09 22:27:32.944,testing
357,2026-03-10 03:55:39,2026-03-09 22:55:39.108,2026-03-09 22:55:39.121,testing
358,2026-03-10 04:26:48,2026-03-09 23:26:48.821,2026-03-09 23:26:48.834,testing
359,2026-03-10 04:51:18,2026-03-09 23:51:18.162,2026-03-09 23:51:18.176,testing
360,2026-03-10 05:01:11,2026-03-10 00:01:11.276,2026-03-10 00:01:11.289,testing
361,2026-03-10 07:45:36,2026-03-10 02:45:36.058,2026-03-10 02:45:36.072,testing
362,2026-03-10 09:23:52,2026-03-10 04:23:52.645,2026-03-10 04:23:52.658,testing
363,2026-03-10 10:29:57,2026-03-10 05:29:57.107,2026-03-10 05:29:57.121,testing
364,2026-03-10 11:07:08,2026-03-10 06:07:08.597,2026-03-10 06:07:08.619,testing
365,2026-03-10 12:07:00,2026-03-10 07:07:00.090,2026-03-10 07:07:00.103,testing
366,2026-03-10 12:52:18,2026-03-10 07:52:18.425,2026-03-10 07:52:18.433,testing
367,2026-03-10 13:29:03,2026-03-10 08:29:03.494,2026-03-10 08:29:03.506,testing
368,2026-03-10 14:09:33,2026-03-10 09:09:33.598,2026-03-10 09:09:33.612,testing
369,2026-03-10 14:59:58,2026-03-10 09:59:58.276,2026-03-10 09:59:58.289,testing
370,2026-03-10 15:53:40,2026-03-10 10:53:40.707,2026-03-10 10:53:40.720,testing
371,2026-03-10 16:27:31,2026-03-10 11:27:31.788,2026-03-10 11:27:31.797,testing
372,2026-03-10 16:55:42,2026-03-10 11:55:42.179,2026-03-10 11:55:42.193,testing
373,2026-03-10 17:57:20,2026-03-10 12:57:20.339,2026-03-10 12:57:20.360,testing
374,2026-03-10 19:03:01,2026-03-10 14:03:01.767,2026-03-10 14:03:01.780,testing
375,2026-03-10 20:03:36,2026-03-10 15:03:36.741,2026-03-10 15:03:36.754,testing
376,2026-03-10 21:10:06,2026-03-10 16:10:06.294,2026-03-10 16:10:06.308,testing
377,2026-03-10 22:08:00,2026-03-10 17:08:00.221,2026-03-10 17:08:00.234,testing
378,2026-03-10 22:59:37,2026-03-10 17:59:37.244,2026-03-10 17:59:37.257,testing
379,2026-03-11 00:01:49,2026-03-10 19:01:49.925,2026-03-10 19:01:49.938,testing
380,2026-03-11 00:44:39,2026-03-10 19:44:39.812,2026-03-10 19:44:39.825,testing
381,2026-03-11 01:04:12,2026-03-10 20:04:12.785,2026-03-10 20:04:12.798,testing
